{"meta": {"format": 3, "version": "7.13.5", "timestamp": "2026-03-18T11:53:10.270723", "branch_coverage": false, "show_contexts": false}, "files": {"src/cd2d_streamfunc.py": {"executed_lines": [33, 34, 35, 36, 37, 38, 39, 40, 41, 44, 45, 46, 47, 48, 51, 85, 87, 88, 89, 90, 92, 93, 94, 95, 96, 98, 99, 100, 101, 103, 108, 109, 110, 111, 112, 113, 114, 115, 116, 117, 120, 122, 123, 124, 125, 126, 127, 128, 130, 132, 133, 134, 135, 136, 138, 139, 141, 152, 154, 155, 156, 157, 159, 160, 162, 163, 164, 168, 169, 170, 171, 173, 174, 175, 176, 177, 178, 179, 180, 181, 184, 185, 186, 187, 188, 189, 190, 191, 194, 195, 198, 199, 200, 201, 204, 205, 206, 209, 210, 211, 212, 213, 214, 215, 216, 218, 221, 222, 223, 224, 226, 227, 228, 229, 230, 233, 234, 235, 236, 238, 240, 241, 242, 243, 245, 246, 247, 255, 256, 257, 259, 263, 264, 265, 266, 267, 268, 269, 270, 272, 273, 274, 275, 276, 277, 280, 282, 283, 284, 285, 286, 287, 290, 294, 297, 299, 300, 301, 304, 305, 306, 307, 308, 309, 311, 314, 315, 322, 323, 325, 327, 329, 330, 331, 332, 334, 337, 353, 449], "summary": {"covered_lines": 179, "num_statements": 272, "percent_covered": 65.80882352941177, "percent_covered_display": "66", "missing_lines": 93, "excluded_lines": 0, "percent_statements_covered": 65.80882352941177, "percent_statements_covered_display": "66"}, "missing_lines": [52, 53, 54, 55, 56, 59, 60, 62, 66, 67, 71, 73, 75, 76, 79, 80, 82, 316, 317, 318, 319, 320, 321, 339, 340, 342, 343, 348, 349, 350, 356, 357, 359, 360, 363, 364, 365, 366, 367, 368, 371, 374, 378, 379, 380, 381, 382, 383, 384, 385, 388, 389, 390, 394, 395, 396, 400, 409, 410, 411, 412, 413, 414, 415, 416, 417, 420, 421, 422, 423, 426, 427, 428, 429, 430, 431, 432, 433, 434, 435, 436, 437, 438, 440, 441, 442, 443, 444, 445, 446, 447, 450, 451], "excluded_lines": [], "functions": {"get_args": {"executed_lines": [], "summary": {"covered_lines": 0, "num_statements": 17, "percent_covered": 0.0, "percent_covered_display": "0", "missing_lines": 17, "excluded_lines": 0, "percent_statements_covered": 0.0, "percent_statements_covered_display": "0"}, "missing_lines": [52, 53, 54, 55, 56, 59, 60, 62, 66, 67, 71, 73, 75, 76, 79, 80, 82], "excluded_lines": [], "start_line": 51}, "make_grid": {"executed_lines": [87, 88, 89, 90, 92, 93, 94, 95, 96], "summary": {"covered_lines": 9, "num_statements": 9, "percent_covered": 100.0, "percent_covered_display": "100", "missing_lines": 0, "excluded_lines": 0, "percent_statements_covered": 100.0, "percent_statements_covered_display": "100"}, "missing_lines": [], "excluded_lines": [], "start_line": 85}, "constant_diffusion": {"executed_lines": [99, 101], "summary": {"covered_lines": 2, "num_statements": 2, "percent_covered": 100.0, "percent_covered_display": "100", "missing_lines": 0, "excluded_lines": 0, "percent_statements_covered": 100.0, "percent_statements_covered_display": "100"}, "missing_lines": [], "excluded_lines": [], "start_line": 98}, "constant_diffusion.d_on_centers": {"executed_lines": [100], "summary": {"covered_lines": 1, "num_statements": 1, "percent_covered": 100.0, "percent_covered_display": "100", "missing_lines": 0, "excluded_lines": 0, "percent_statements_covered": 100.0, "percent_statements_covered_display": "100"}, "missing_lines": [], "excluded_lines": [], "start_line": 99}, "gaussian_all_boundaries": {"executed_lines": [108, 109, 110, 111, 112, 113, 114, 115, 116, 117], "summary": {"covered_lines": 10, "num_statements": 10, "percent_covered": 100.0, "percent_covered_display": "100", "missing_lines": 0, "excluded_lines": 0, "percent_statements_covered": 100.0, "percent_statements_covered_display": "100"}, "missing_lines": [], "excluded_lines": [], "start_line": 103}, "monomial_multiindices": {"executed_lines": [122, 123, 124, 125, 126, 127, 128], "summary": {"covered_lines": 7, "num_statements": 7, "percent_covered": 100.0, "percent_covered_display": "100", "missing_lines": 0, "excluded_lines": 0, "percent_statements_covered": 100.0, "percent_statements_covered_display": "100"}, "missing_lines": [], "excluded_lines": [], "start_line": 120}, "sample_coeffs": {"executed_lines": [132, 133, 134, 135, 136, 138, 139], "summary": {"covered_lines": 7, "num_statements": 7, "percent_covered": 100.0, "percent_covered_display": "100", "missing_lines": 0, "excluded_lines": 0, "percent_statements_covered": 100.0, "percent_statements_covered_display": "100"}, "missing_lines": [], "excluded_lines": [], "start_line": 130}, "eval_velocity_from_streamfunc_coeffs": {"executed_lines": [152, 159, 160, 162, 163, 164, 168, 169, 170, 171, 173, 174, 175, 176, 177, 178, 179, 180, 181, 184, 185, 186, 187, 188, 189, 190, 191, 194, 195], "summary": {"covered_lines": 29, "num_statements": 29, "percent_covered": 100.0, "percent_covered_display": "100", "missing_lines": 0, "excluded_lines": 0, "percent_statements_covered": 100.0, "percent_statements_covered_display": "100"}, "missing_lines": [], "excluded_lines": [], "start_line": 141}, "eval_velocity_from_streamfunc_coeffs.powers": {"executed_lines": [154, 155, 156, 157], "summary": {"covered_lines": 4, "num_statements": 4, "percent_covered": 100.0, "percent_covered_display": "100", "missing_lines": 0, "excluded_lines": 0, "percent_statements_covered": 100.0, "percent_statements_covered_display": "100"}, "missing_lines": [], "excluded_lines": [], "start_line": 152}, "assemble_fv_system": {"executed_lines": [199, 200, 201, 204, 205, 206, 209, 210, 211, 212, 213, 214, 215, 216, 218, 221, 222, 223, 224, 226, 227, 228, 229, 230, 233, 234, 235, 236, 238, 240, 241, 242, 243, 245, 246, 247, 255, 256, 257], "summary": {"covered_lines": 39, "num_statements": 39, "percent_covered": 100.0, "percent_covered_display": "100", "missing_lines": 0, "excluded_lines": 0, "percent_statements_covered": 100.0, "percent_statements_covered_display": "100"}, "missing_lines": [], "excluded_lines": [], "start_line": 198}, "apply_dirichlet": {"executed_lines": [263, 264, 265, 266, 267, 268, 269, 270, 272, 273, 274, 275, 276, 277], "summary": {"covered_lines": 14, "num_statements": 14, "percent_covered": 100.0, "percent_covered_display": "100", "missing_lines": 0, "excluded_lines": 0, "percent_statements_covered": 100.0, "percent_statements_covered_display": "100"}, "missing_lines": [], "excluded_lines": [], "start_line": 259}, "solve_level": {"executed_lines": [282, 283, 284, 285, 286, 287, 290, 294, 297, 299, 300, 301, 304, 305, 306, 307, 308, 309, 311, 314, 315, 322, 323, 325, 327, 329, 330, 331, 332, 334], "summary": {"covered_lines": 30, "num_statements": 36, "percent_covered": 83.33333333333333, "percent_covered_display": "83", "missing_lines": 6, "excluded_lines": 0, "percent_statements_covered": 83.33333333333333, "percent_statements_covered_display": "83"}, "missing_lines": [316, 317, 318, 319, 320, 321], "excluded_lines": [], "start_line": 280}, "_compute_and_write": {"executed_lines": [], "summary": {"covered_lines": 0, "num_statements": 7, "percent_covered": 0.0, "percent_covered_display": "0", "missing_lines": 7, "excluded_lines": 0, "percent_statements_covered": 0.0, "percent_statements_covered_display": "0"}, "missing_lines": [339, 340, 342, 343, 348, 349, 350], "excluded_lines": [], "start_line": 337}, "main": {"executed_lines": [], "summary": {"covered_lines": 0, "num_statements": 61, "percent_covered": 0.0, "percent_covered_display": "0", "missing_lines": 61, "excluded_lines": 0, "percent_statements_covered": 0.0, "percent_statements_covered_display": "0"}, "missing_lines": [356, 357, 359, 360, 363, 364, 365, 366, 367, 368, 371, 374, 378, 379, 380, 381, 382, 383, 384, 385, 388, 389, 390, 394, 395, 396, 400, 409, 410, 411, 412, 413, 414, 415, 416, 417, 420, 421, 422, 423, 426, 427, 428, 429, 430, 431, 432, 433, 434, 435, 436, 437, 438, 440, 441, 442, 443, 444, 445, 446, 447], "excluded_lines": [], "start_line": 353}, "": {"executed_lines": [33, 34, 35, 36, 37, 38, 39, 40, 41, 44, 45, 46, 47, 48, 51, 85, 98, 103, 120, 130, 141, 198, 259, 280, 337, 353, 449],